source_link,source_title,platform,user_role,what_failed,failure_causes,consequence,estimated_cost,evidence_quote,confidence
https://www.reddit.com/r/Unity3D/comments/136slr8/need_help_with_blender_to_unity_fbx_character_no/,Need help with blender to unity fbx character no texture - Reddit,Reddit,Unknown,Blender FBX export to Unity with no texture on character.,Missing textures/materials; FBX/export failure; Import failure into engine/software; Transform/scale/orientation failure,Import Failure,Unknown,Need help with blender to unity fbx character no texture,Medium
https://www.reddit.com/r/blenderhelp/comments/uulzr5/why_is_my_fbx_file_not_exporting_with_the_texture/,Why is my FBX file not exporting with the texture? File also imported ...,Reddit,Unknown,FBX file not exporting with texture from Blender to Unity.,Missing textures/materials; FBX/export failure; Import failure into engine/software; Transform/scale/orientation failure,Import Failure,Unknown,Why is my FBX file not exporting with the texture?,Medium
https://www.reddit.com/r/Unity3D/comments/ti2j3e/issue_with_blender_model_importing_to_unity/,"Issue with Blender model importing to Unity, textures do not ... - Reddit",Reddit,Unknown,"Blender model importing to Unity, textures do not stay where they are supposed to.",Missing textures/materials; Import failure into engine/software; Transform/scale/orientation failure,Import Failure,Unknown,"Issue with Blender model importing to Unity, textures do not stay where they are supposed to",Medium
https://www.reddit.com/r/Unity3D/comments/vrpza0/having_issues_importing_materials_to_unity_from/,Having issues importing Materials to Unity from Blender using FBX,Reddit,Unknown,Issues importing Materials to Unity from Blender using FBX.,Missing textures/materials; FBX/export failure; Import failure into engine/software; Transform/scale/orientation failure,"Import Failure, Rework",Unknown,Import settings were just warping my palette Texture and also I had to drag the Texture onto the Albedo slot on the Material in Unity.,High
https://blender.stackexchange.com/questions/57531/fbx-export-why-there-are-no-materials-or-textures,FBX export why there are no materials or textures?,Blender StackExchange,Unknown,FBX export from Blender to Unreal Engine 4 resulted in no textures.,Missing textures/materials; FBX/export failure; Import failure into engine/software; Topology/geometry/normals failure,Import Failure,Unknown,"I used node textures in a mesh I exported to FBX. I then imported it into Unreal Engine 4, and it didn't import any textures",High
https://www.reddit.com/r/Unity3D/comments/1ihppoo/problem_with_textures_after_importing_fbx_in/,Problem with Textures after importing FBX. In Blender they look fine ...,Reddit,Unknown,Textures appear fine in Blender but problematic after importing FBX to Unity.,Missing textures/materials; FBX/export failure; Import failure into engine/software; Transform/scale/orientation failure,Import Failure,Unknown,"Problem with Textures after importing FBX. In Blender they look fine, but in Unity they are all messed up.",High
https://discussions.unity.com/t/missing-textures-from-imported-fbx-file-in-unity-since-update/692476,Missing textures from imported fbx file in Unity since update,Unity Discussions,Unknown,Missing textures from imported FBX file in Unity since an update.,Missing textures/materials; FBX/export failure; Import failure into engine/software; Transform/scale/orientation failure,Import Failure,Unknown,"I'm having problems with importing from Maya to Unity with textures. I export my files in Maya as .fbx (with embeded media checked, which should keep my textures).",High
https://github.com/JannisX11/blockbench/issues/2296,FBX Export To Unity Does Not Export Textures Despite ...,GitHub,Unknown,"When exporting a model to Unity using FBX (or .obj) from Blockbench, associated textures do not get exported.",Missing textures/materials; FBX/export failure; Import failure into engine/software; Transform/scale/orientation failure,"Export Failure, Import Failure",Unknown,"When exporting a model to Unity using the fbx (or .obj) export, the associated textures do not get exported.",High
https://support.superhivemarket.com/article/186-why-products-get-rejected,Why Products Get Rejected,Superhive (Blender Market),Marketplace Seller,Missing Textures - textures were not packed with the models.,Missing textures/materials; Marketplace/submission rejection,Marketplace Rejected,Unknown,Be sure to pack your textures with your models before uploading them... If you don\'t... your product will be rejected.,High
https://support.superhivemarket.com/article/186-why-products-get-rejected,Why Products Get Rejected,Superhive (Blender Market),Marketplace Seller,Shaders not linking to the packed textures.,Missing textures/materials; Marketplace/submission rejection; Asset linking/dependency failure,Marketplace Rejected,Unknown,make sure that your shaders are linked to the correct textures.,High
https://support.superhivemarket.com/article/186-why-products-get-rejected,Why Products Get Rejected,Superhive (Blender Market),Marketplace Seller,Product description was poor or incomplete.,Rig/animation/bone failure; Marketplace/submission rejection; Licensing/documentation/presentation rejection,Marketplace Rejected,Unknown,"Add-on that helps rig and animate cats"" as your product description won\'t cut it, unfortunately.",High
https://support.superhivemarket.com/article/186-why-products-get-rejected,Why Products Get Rejected,Superhive (Blender Market),Marketplace Seller,"Poor or incomplete written documentation, or only providing external links.",Marketplace/submission rejection; Licensing/documentation/presentation rejection; Asset linking/dependency failure,Marketplace Rejected,Unknown,Submitting incomplete documentation to bypass form validation is not acceptable and will result in immediate rejection.,High
https://support.superhivemarket.com/article/186-why-products-get-rejected,Why Products Get Rejected,Superhive (Blender Market),Marketplace Seller,Leaving placeholder text or incomplete fields in the submission form.,Marketplace/submission rejection; Licensing/documentation/presentation rejection,"Marketplace Rejected, Delayed Project",Unknown,Leaving placeholder text like \'Lorem ipsum\' or \'Description goes here\' in any field results in rejection.,High
https://support.superhivemarket.com/article/186-why-products-get-rejected,Why Products Get Rejected,Superhive (Blender Market),Marketplace Seller,"Product images did not meet requirements (e.g., minimum 5 images, 2:1 aspect ratio, showing features).",Marketplace/submission rejection; Licensing/documentation/presentation rejection,Marketplace Rejected,Unknown,"Must have a minimum of 5 images - Must be 2:1 aspect ratio... - Must show product features, not just beauty shots",High
https://forums.unrealengine.com/t/how-many-of-your-asset-get-rejected-in-marketplace/106273,How many of your asset get rejected in marketplace ?,Unreal Engine Forums,Marketplace Seller,Missing or incorrectly placed level file (.umap) in the project.,Marketplace/submission rejection,Marketplace Rejected,Unknown,"There are no Maps in the project, displaying all of the assets. Should be a Maps folder created and the Map should be placed within the Maps folder.",High
https://forums.unrealengine.com/t/how-many-of_your_asset_get_rejected_in_marketplace/106273,How many of your asset get rejected in marketplace ?,Unreal Engine Forums,Marketplace Seller,Used modified public domain assets (GPL/Public derivatives) which are not allowed by EULA.,Marketplace/submission rejection; Licensing/documentation/presentation rejection,Marketplace Rejected,Unknown,My first submission was the only one rejected because there was items based off of modified public domain assets and back then I didn’t know that GPL/Public derivatives aren’t allowed.,High
https://forums.unrealengine.com/t/how-many-of_your_asset_get_rejected_in_marketplace/106273,How many of your asset get rejected in marketplace ?,Unreal Engine Forums,Marketplace Seller,"Used free models, music, sounds, and textures from various sources without checking licensing for commercial sale.",Missing textures/materials; Marketplace/submission rejection,Marketplace Rejected,Unknown,"i got rejected my first asset for that issue, i used free models from turbosquid, free music & sounds from www and textures from textures.com",High
https://www.reddit.com/r/3Dprinting/comments/7ig1hn/do_not_trust_cgtrader_for_3d_models/,Do not trust CGTrader for 3D models,Reddit,Freelancer,"Model Quality Standard Failure (geometry issues, inaccurate representation)",Transform/scale/orientation failure; Topology/geometry/normals failure,Delayed Project,Unknown,"the files were a mess, nothing like what was advertised on the sale page, different parts and the scale of some parts was different to others",High
https://www.reddit.com/r/Houdini/comments/1mm3lo0/did_i_make_a_bad_purchase_from_cg_trader/,Did I Make a Bad Purchase from CG Trader?,Reddit,Hobbyist,"Model Quality Standard Failure (broken geometry, missing UVs, incorrect scale)",Missing textures/materials; Transform/scale/orientation failure; Marketplace/submission rejection; Topology/geometry/normals failure,Submission Rejected,Unknown,"The geometry was broken with stray points, overlapping points, holes, etc. The other model came with textures, but no UVs. It also was at 1/100 scale.",High
https://www.reddit.com/r/blender/comments/f9d0e8/i_just_got_rejected_by_blender_market_was_my/,I just got rejected by Blender Market... Was my model really that bad?,Reddit,Marketplace Seller,"Model Quality Standard Failure (lighting issues, reflection issues, general quality)",Marketplace/submission rejection,Marketplace Rejected,Unknown,I just got rejected by Blender Market... Was my model really that bad?,High
https://www.reddit.com/r/3Dmodeling/comments/1h8qz4t/abuse_on_cgtrader/,Abuse on CGtrader,Reddit,Marketplace Seller,Customer dissatisfaction leading to negative reviews,Marketplace/submission rejection,Lost Client,Unknown,"So an hour ago this individual gave a -5 in all those models, and really really nasty comments about me.",Medium
https://polycount.com/discussion/218941/please-critique-my-work-be-brutal,Please Critique my work (be brutal),Polycount,Game Artist,Not meeting industry standards for game assets,Marketplace/submission rejection,Submission Rejected,Unknown,I've been trying unsuccessfully to break into the game industry for years now and I've hit a wall.,Medium
https://groups.google.com/g/3dwh/c/cPKI7-ar2aI/m/9dw8KtJ8XAUJ,3D Warehouse Upload Error,Google Groups,Unknown,Model processing error during upload,Marketplace/submission rejection,Submission Rejected,Unknown,"The model you submitted experienced an error while it was being processed. Unfortunately, your model cannot be included in Google Earth.",High
https://www.reddit.com/r/unrealengine/comments/1k4zhm6/exporting_fbx_from_unreal_breaks_normals/,Exporting FBX from Unreal breaks normals? : r/unrealengine,Reddit,Unknown,Blender FBX导出到Unreal后法线混乱,FBX/export failure; Import failure into engine/software; Topology/geometry/normals failure,Export Failure,Unknown,"I tried recalculating the normals and later it imports, but they're all messed up. Some of them are flipped",High
https://www.reddit.com/r/Unity3D/comments/1lnlagh/why_it_is_empty_first_time_trying_export_from/,Why it is ''empty''? First time trying export from blender to unity,Reddit,Hobbyist,Blender FBX导出到Unity后场景为空,FBX/export failure; Import failure into engine/software; Transform/scale/orientation failure,Import Failure,Unknown,Why it is ''empty''? First time trying export from blender to unity,High
https://www.reddit.com/r/Unity3D/comments/1l2ft69/blend_shapes_break_normals_from_maya_to_unity/,Blend Shapes break Normals from Maya to Unity : r/Unity3D,Reddit,Game Artist,Maya Blend Shapes导出到Unity后法线错误,Import failure into engine/software; Transform/scale/orientation failure; Rig/animation/bone failure; Topology/geometry/normals failure,Rework,Unknown,Essentially: the mesh normals get messed up in Unity when using Blend Shapes.,High
https://www.reddit.com/r/Maya/comments/buwve5/face_normals_are_reversed_on_obj_and_fbx_export/,Face normals are reversed on .obj and .fbx export but look fine in Maya,Reddit,Unknown,Maya导出FBX/OBJ到其他3D软件后法线反转,FBX/export failure; Import failure into engine/software,"Export Failure, Rework",Unknown,when I export as either .fbx or .obj and take it into other 3D programs (substance painter/unreal engine) the faces appear reversed.,High
https://www.reddit.com/r/unrealengine/comments/va09uc/help_issue_where_after_exporting_fbx_from_blender/,"Help: Issue where after exporting FBX from Blender to Unreal the object mesh is empty from inside, any help please?",Reddit,Unknown,Blender FBX导出到Unreal后网格内部为空,FBX/export failure; Import failure into engine/software; Topology/geometry/normals failure,Import Failure,Unknown,Issue where after exporting FBX from Blender to Unreal the object mesh is empty from inside,High
https://blenderartists.org/t/not-possible-to-export-object-as-fbx-with-38mil-polys-blender-performance-abysmal/1412005,Not Possible to Export Object as FBX with 38mil. Polys. Blender Performance Abysmal,Blender Artists,Unknown,Blender无法导出高多边形FBX模型 (3800万面),FBX/export failure; Performance/large scene/export crash,"Export Failure, Delayed Project","5-6 minutes for 10M polys, more for 38M","The problem is that Blender just doesn’t seem capable of exporting such a high poly model as FBX. It either freezes my computer, crashes to desktop or just aborts the export process",High
https://www.reddit.com/r/deltavringsofsaturn/comments/15x2mie/3d_assets_not_exporting_from_blender/,3d assets not exporting from blender,Reddit,Hobbyist,Exporting 3D assets from Blender to STL for 3D printing resulted in messed-up models.,FBX/export failure,"Export Failure, Rework",Unknown,every time I try to export to stl they get all messed up.,High
https://www.reddit.com/r/blender/comments/15phhsk/some_3d_assets_i_made_for_a_client_that_never/,Some 3D assets I made for a client that never paid (bruh),Reddit,Freelancer,Client did not pay for the 3D assets created.,Marketplace/submission rejection,"Lost Client, Client Rejected",Unknown,Some 3D assets I made for a client that never paid (bruh),High
https://devforum.roblox.com/t/failing-to-export-things-from-blender/1361332,Failing to export things from blender,Roblox Developer Forum,Builder,Exporting FBX from Blender failed with an error.,FBX/export failure,"Export Failure, Rework",Unknown,So I tried to export things from blender and this popped up. How can I fix this?,High
https://www.cgtrader.com/forum/technical-q-a/objects-have-non-reset-transforms,Objects have non reset transforms,CGTrader Forum,Marketplace Seller,"Uploading a model to CGTrader failed due to ""Objects have non reset transforms"" error, specifically mentioning ""blender's FBX exporter is broken"".",FBX/export failure; Transform/scale/orientation failure; Marketplace/submission rejection; Topology/geometry/normals failure; Licensing/documentation/presentation rejection,"Submission Rejected, Rework",Unknown,"The issue is blender's FBX exporter is broken, and you need to adjust some settings before you export it.",High
https://www.cgtrader.com/forum/technical-q-a/after-exporting-an-object-from-blender-it-loses-all-of-its-materials-properties,"After Exporting an Object From Blender, It Loses All Of Its Materials' Properties",CGTrader Forum,Marketplace Seller,"Exporting an object from Blender to various formats (FBX, Collada, OBJ) resulted in loss of material properties (materials appeared gray).",Missing textures/materials; FBX/export failure; Import failure into engine/software; Marketplace/submission rejection; Licensing/documentation/presentation rejection,"Export Failure, Submission Rejected (implied)",Unknown,"when I import it in another file after exporting it, all of the materials are still there, but they are all gray",High
https://blenderartists.org/t/is-blender-compatible-with-other-major-3d-apps/666374,Is blender compatible with other major 3d apps?,Blender Artists,Freelancer,"Blender's OBJ/FBX export to other major 3D software (Maya/Max) is not seamless, leading to clients being unable to open files or requiring rework.",FBX/export failure; Import failure into engine/software; Marketplace/submission rejection,"Client Rejected, Rework",Unknown,"If my client can’t open my obj/fbx file from blender, then I have to learn Max again and the time I spent on blender would be a waste.",High
https://www.reddit.com/r/blender/comments/11hvjfh/error_when_trying_to_export_model_as_fbx/,Error when trying to export model as fbx : r/blender - Reddit,Reddit,Unknown,FBX导出时UV贴图错误,FBX/export failure,Export Failure,Unknown,That error is something to do with the UV map export.,Medium
https://www.reddit.com/r/blenderhelp/comments/1d678x1/my_model_is_fine_in_blender_but_it_becomes/,"My model is fine in blender, but it becomes incredibly deformed ...",Reddit,Unknown,FBX导出后模型严重变形,FBX/export failure; Topology/geometry/normals failure; Licensing/documentation/presentation rejection,Export Failure,Unknown,"My model is fine in blender, but it becomes incredibly deformed when exporting as an FBX file.",Medium
https://www.reddit.com/r/blender/comments/5xkupy/help_exporting_fbx_error_looking_for_help/,"""Help!"" Exporting FBX error. Looking for help. : r/blender - Reddit",Reddit,Unknown,FBX导出错误，与材质相关,Missing textures/materials; FBX/export failure,Export Failure,Unknown,It looks like it's trying to create an FBX material entry from the Blender material and getting a 'list index out of range' error.,Medium
https://www.reddit.com/r/blenderhelp/comments/uulzr5/why_is_my_fbx_file_not_exporting_with_the_texture/,Why is my FBX file not exporting with the texture? File also imported ...,Reddit,Reddit,Unknown,FBX/export failure,FBX导出时丢失纹理,Export Failure,Unknown,"""Why is my FBX file not exporting with the texture?"""
https://www.reddit.com/r/blender/comments/1gzad3e/fbx_exporting_error/,FBX exporting error : r/blender - Reddit,Reddit,Hobbyist,FBX导出错误,FBX/export failure,Export Failure,Unknown,I'm trying to export a project as an FBX file and every time I do this pops up.,Medium
https://www.reddit.com/r/blenderhelp/comments/1bm90oq/i_cant_export_a_fbx_model/,I can't export a FBX model : r/blenderhelp - Reddit,Reddit,Unknown,无法导出FBX模型到Unity,FBX/export failure; Import failure into engine/software; Transform/scale/orientation failure,Export Failure,Unknown,"I'm trying to export a FBX model to unity, but everytime I try to export it gives me this message",Medium
https://www.reddit.com/r/gamedev/comments/1lbmf2p/looking_for_feedback_from_game_developers_3d/,Looking for Feedback from Game Developers & 3D Artists,Reddit (r/gamedev),Unknown,"Messy, error-prone process of converting Blender assets to game-ready formats, including broken rigs, missing materials, inconsistent coordinate systems.",Missing textures/materials; Rig/animation/bone failure; Licensing/documentation/presentation rejection,"Rework, Delayed Project",Unknown,"This introduces repeated issues with broken rigs, missing materials, inconsistent coordinate systems, and wasted back-and-forth between artists and developers.",Medium
https://www.reddit.com/r/IndieDev/comments/1dew34n/does_anyone_else_absolutely_dread_working_in/,Does anyone else absolutely dread working in blender for games?,Reddit (r/IndieDev),Hobbyist,"Import/export problems, compatibility problems, and general issues within Blender when creating models/characters for games.",FBX/export failure; Import failure into engine/software,"Rework, Delayed Project",Unknown,"I always have to add an equal amount of time finding out why something isn't working. Weather it be import/export problems, compatibility problems, or problems in blender itself.",High
https://forums.unrealengine.com/t/problems-when-exporting-from-blender-and-importing-to-ue5/660816,Problems when exporting from blender and importing to UE5,Unreal Engine Forums,Unknown,Exporting a rigged model from Blender as FBX and importing into Unreal Engine 5 results in a missing piece of the model when imported as a rigged model.,FBX/export failure; Import failure into engine/software; Rig/animation/bone failure; Topology/geometry/normals failure,"Import Failure, Rework",Unknown,"i am having trouble exporting a rigged model i have made in blender as an fbx and importing it into blender. it works pretty much fine if i dont include the skeleton and build it as nanite, but one of the pieces of the model is missing if i import it as a rigged model.",High
https://www.reddit.com/r/blenderhelp/comments/1kb62bi/how_to_export_fbx_files_with_texture/,How to Export .fbx files with Texture? : r/blenderhelp,Reddit,Hobbyist,FBX export missing textures when importing into After Effects.,Missing textures/materials; FBX/export failure; Import failure into engine/software,Rework,Unknown,The issue is that when I export the models as .fbx files to then import to after effects (or any program for that matter) they are completely untextured.,High
https://www.reddit.com/r/blenderhelp/comments/uulzr5/why_is_my_fbx_file_not_exporting_with_the_texture/,Why is my FBX file not exporting with the texture? File also imported into Unity without a texture,Reddit,Hobbyist,"FBX export missing textures, and imported into Unity without textures.",Missing textures/materials; FBX/export failure; Import failure into engine/software; Transform/scale/orientation failure,"Import Failure, Rework",Unknown,Why is my FBX file not exporting with the texture? File also imported into Unity without a texture,High
https://www.reddit.com/r/blenderhelp/comments/1dvaf9n/missing_textures_andor_materials_when_exporting/,Missing textures and/or materials when exporting as .OBJ and .FBX but .GLB/.glTF works fine?,Reddit,Marketplace Seller,FBX export missing transparency texture within a material.,Missing textures/materials; FBX/export failure; Marketplace/submission rejection,"Rework, Marketplace Rejected",Unknown,.FBX is only missing a transparency texture within a material.,High
https://www.reddit.com/r/blenderhelp/comments/1nx6nko/my_fbx_model_will_not_export_with_textures/,My FBX model will not export with textures,Reddit,Hobbyist,FBX export missing textures when importing into Toon Boom Harmony.,Missing textures/materials; FBX/export failure; Import failure into engine/software,Rework,Unknown,"However, now, no matter what I try, it will not load into Harmony with textures.",High
https://devforum.roblox.com/t/error-when_exporting-as-fbx-from-blender/1159486,Error When Exporting as fbx from Blender,Roblox Developer Forum,Builder,FBX export error due to UV mapping issues.,FBX/export failure; Topology/geometry/normals failure,"Export Failure, Rework",Unknown,I’m getting an error every time I try to export some meshes from Blender.,High
https://blenderartists.org/t/fbx-export-problem/1337258,FBX Export Problem,Blender Artists Community,Unknown,FBX export with incorrect scale and rotation in Unity.,FBX/export failure; Import failure into engine/software; Transform/scale/orientation failure; Licensing/documentation/presentation rejection,Rework,Unknown,But in these days it does not work. I have to always select “Apply Transform” option to fix it anymore.,High
